{"guid":"root________","title":"","index":0,"dateAdded":1649831848479000,"lastModified":1656498859248000,"id":1,"typeCode":2,"type":"text/x-moz-place-container","root":"placesRoot","children":[{"guid":"menu________","title":"menu","index":0,"dateAdded":1649831848479000,"lastModified":1656498608710000,"id":2,"typeCode":2,"type":"text/x-moz-place-container","root":"bookmarksMenuFolder"},{"guid":"toolbar_____","title":"toolbar","index":1,"dateAdded":1649831848479000,"lastModified":1656498859248000,"id":3,"typeCode":2,"type":"text/x-moz-place-container","root":"toolbarFolder","children":[{"guid":"bvHEBJ06W27J","title":"0-Check","index":0,"dateAdded":1653096017466000,"lastModified":1656498240537000,"id":21,"typeCode":1,"iconuri":"https://pages.ebay.com/favicon.ico","type":"text/x-moz-place","uri":"https://www.ebay.com/help/account/account-holds-restrictions-suspensions/account-holds-restrictions-suspensions?id=4190"},{"guid":"7ehsNIBcfqmn","title":"1-Overview","index":1,"dateAdded":1653096016763000,"lastModified":1656497999070000,"id":16,"typeCode":1,"type":"text/x-moz-place","uri":"https://www.ebay.com/sh/ovw"},{"guid":"zLzW5ZoxJmCW","title":"2-Messages","index":2,"dateAdded":1653096016448000,"lastModified":1656498003828000,"id":14,"typeCode":1,"type":"text/x-moz-place","uri":"https://mesg.ebay.com/mesgweb/ViewMessages/0"},{"guid":"RdqISbxW-LXp","title":"3-Orders","index":3,"dateAdded":1653096016665000,"lastModified":1656498010281000,"id":15,"typeCode":1,"type":"text/x-moz-place","uri":"https://www.ebay.com/sh/ord"},{"guid":"i-6FAgoumC1l","title":"4-All Orders","index":4,"dateAdded":1653096017059000,"lastModified":1656498023960000,"id":19,"typeCode":1,"type":"text/x-moz-place","uri":"https://www.ebay.com/sh/ord/?filter=status:ALL_ORDERS"},{"guid":"K6GZPVCrGcPi","title":"5-Listings","index":5,"dateAdded":1653096016324000,"lastModified":1656498103275000,"id":13,"typeCode":1,"type":"text/x-moz-place","uri":"https://www.ebay.com/sh/lst/active"},{"guid":"SCviq70oM2nl","title":"6-Create listing","index":6,"dateAdded":1653096017570000,"lastModified":1656498109419000,"id":22,"typeCode":1,"type":"text/x-moz-place","uri":"https://www.ebay.com/sl/sell?sr=shstart"},{"guid":"LLYNitRI1AHR","title":"7-Uploads","index":7,"dateAdded":1653096016916000,"lastModified":1656498115813000,"id":18,"typeCode":1,"type":"text/x-moz-place","uri":"https://www.ebay.com/sh/reports/uploads"},{"guid":"2KmDzlBNkNzN","title":"8-Payments","index":8,"dateAdded":1656498044794000,"lastModified":1656498170883000,"id":23,"typeCode":1,"iconuri":"https://pages.ebay.com/favicon.ico","type":"text/x-moz-place","uri":"https://www.ebay.com/sh/fin"},{"guid":"7d9CzqnDVWLz","title":"9-All transactions","index":9,"dateAdded":1653096017163000,"lastModified":1656498187590000,"id":20,"typeCode":1,"iconuri":"https://pages.ebay.com/favicon.ico","type":"text/x-moz-place","uri":"https://www.ebay.com/sh/fin/transactions"},{"guid":"xPqSbGmwWorU","title":"10-Payouts","index":10,"dateAdded":1656498065153000,"lastModified":1656498212057000,"id":24,"typeCode":1,"iconuri":"https://pages.ebay.com/favicon.ico","type":"text/x-moz-place","uri":"https://www.ebay.com/sh/fin/payouts"},{"guid":"nzt9Udmq1v9t","title":"11-Reports","index":11,"dateAdded":1653096016842000,"lastModified":1656498224944000,"id":17,"typeCode":1,"iconuri":"https://pages.ebay.com/favicon.ico","type":"text/x-moz-place","uri":"https://www.ebay.com/sh/fin/report"},{"guid":"qXuNHPH8wW8w","title":"o-Verify SĐT","index":12,"dateAdded":1656498280974000,"lastModified":1656498326493000,"id":25,"typeCode":1,"type":"text/x-moz-place","uri":"https://account.live.com/reputationcheck?ru=https://outlook.live.com/owa/"},{"guid":"tIYFXhH4Xo2n","title":"o-junkEmail","index":13,"dateAdded":1656498356958000,"lastModified":1656498374173000,"id":26,"typeCode":1,"iconuri":"https://outlook-1.cdn.office.net/assets/mail/pwa/v1/pngs/apple-touch-icon.png","type":"text/x-moz-place","uri":"https://outlook.live.com/mail/0/options/mail/junkEmail"},{"guid":"U2WoDexFg8fj","title":"o-forwarding","index":14,"dateAdded":1656498389153000,"lastModified":1656498417481000,"id":27,"typeCode":1,"iconuri":"https://outlook-1.cdn.office.net/assets/mail/pwa/v1/pngs/apple-touch-icon.png","type":"text/x-moz-place","uri":"https://outlook.live.com/mail/0/options/mail/forwarding"},{"guid":"lwGM2ga3tZ4g","title":"eBay","index":15,"dateAdded":1656498437179000,"lastModified":1656498485023000,"id":28,"typeCode":2,"type":"text/x-moz-place-container","children":[{"guid":"9MHu43WEfya8","title":"Không endlist khi hết hàng","index":0,"dateAdded":1656498485023000,"lastModified":1656498528846000,"id":30,"typeCode":1,"type":"text/x-moz-place","uri":"https://www.ebay.com/uas/selling-pref"},{"guid":"nStUN1fQbyyH","title":"Loại trừ khu vực ship","index":1,"dateAdded":1656498481593000,"lastModified":1656498557277000,"id":29,"typeCode":1,"type":"text/x-moz-place","uri":"https://www.ebay.com/ship/prf/excludeRegions"}]},{"guid":"TWAyi7wDRlHJ","title":"o-Đổi pass","index":16,"dateAdded":1656498784118000,"lastModified":1656498814985000,"id":31,"typeCode":1,"type":"text/x-moz-place","uri":"https://account.live.com/password/Change"},{"guid":"mLttJKYJrhgL","title":"o-Bảo mật bổ sung","index":17,"dateAdded":1656498859248000,"lastModified":1656498880470000,"id":32,"typeCode":1,"type":"text/x-moz-place","uri":"https://account.live.com/proofs/manage/additional"}]},{"guid":"unfiled_____","title":"unfiled","index":3,"dateAdded":1649831848479000,"lastModified":1649831849088000,"id":5,"typeCode":2,"type":"text/x-moz-place-container","root":"unfiledBookmarksFolder"},{"guid":"mobile______","title":"mobile","index":4,"dateAdded":1649831848541000,"lastModified":1649831849088000,"id":6,"typeCode":2,"type":"text/x-moz-place-container","root":"mobileFolder"}]}